participant_id,timestamp
16778240,2022-04-14 16:33:01.000000
16779264,2022-04-14 16:33:01.000000
16778240,2022-04-14 16:33:03.000000
16778240,2022-04-14 16:33:04.000000
16778240,2022-04-14 16:33:06.000000
16779264,2022-04-14 16:33:06.000000
16779264,2022-04-14 16:33:07.000000
16778240,2022-04-14 16:33:08.000000
16779264,2022-04-14 16:33:11.000000
16779264,2022-04-14 16:33:12.000000
16778240,2022-04-14 16:33:12.000000
16778240,2022-04-14 16:33:13.000000
16778240,2022-04-14 16:33:19.000000
16778240,2022-04-14 16:33:21.000000
16779264,2022-04-14 16:33:22.000000
16778240,2022-04-14 16:33:23.000000
16778240,2022-04-14 16:33:24.000000
16779264,2022-04-14 16:33:26.000000
16778240,2022-04-14 16:33:26.000000
16779264,2022-04-14 16:33:27.000000
16778240,2022-04-14 16:33:29.000000
16778240,2022-04-14 16:33:31.000000
16778240,2022-04-14 16:33:32.000000
16779264,2022-04-14 16:33:34.000000
16778240,2022-04-14 16:33:36.000000
16778240,2022-04-14 16:33:40.000000
16778240,2022-04-14 16:33:45.000000
16778240,2022-04-14 16:33:48.000000
16778240,2022-04-14 16:33:49.000000
16778240,2022-04-14 16:33:51.000000
16779264,2022-04-14 16:33:55.000000
16778240,2022-04-14 16:33:56.000000
16779264,2022-04-14 16:33:56.000000
16778240,2022-04-14 16:33:57.000000
16779264,2022-04-14 16:33:58.000000
16778240,2022-04-14 16:33:58.000000
16778240,2022-04-14 16:34:01.000000
16779264,2022-04-14 16:34:02.000000
16778240,2022-04-14 16:34:02.000000
16778240,2022-04-14 16:34:03.000000
16779264,2022-04-14 16:34:03.000000
16778240,2022-04-14 16:34:04.000000
16778240,2022-04-14 16:34:05.000000
16779264,2022-04-14 16:34:05.000000
16779264,2022-04-14 16:34:05.000000
16779264,2022-04-14 16:34:06.000000
16779264,2022-04-14 16:34:09.000000
16779264,2022-04-14 16:34:11.000000
16778240,2022-04-14 16:34:13.000000
16779264,2022-04-14 16:34:13.000000
16779264,2022-04-14 16:34:14.000000
16779264,2022-04-14 16:34:15.000000
16779264,2022-04-14 16:34:18.000000
16779264,2022-04-14 16:34:25.000000
16778240,2022-04-14 16:34:25.000000
16779264,2022-04-14 16:34:26.000000
16779264,2022-04-14 16:34:29.000000
16778240,2022-04-14 16:34:31.000000
16779264,2022-04-14 16:34:31.000000
16779264,2022-04-14 16:34:34.000000
16779264,2022-04-14 16:34:35.000000
16779264,2022-04-14 16:34:37.000000
16779264,2022-04-14 16:34:39.000000
16778240,2022-04-14 16:34:39.000000
16779264,2022-04-14 16:34:39.000000
16779264,2022-04-14 16:34:42.000000
16778240,2022-04-14 16:34:45.000000
16779264,2022-04-14 16:34:45.000000
16778240,2022-04-14 16:34:45.000000
16779264,2022-04-14 16:34:49.000000
16779264,2022-04-14 16:34:52.000000
16778240,2022-04-14 16:34:56.000000
16779264,2022-04-14 16:34:56.000000
16779264,2022-04-14 16:35:00.000000
16779264,2022-04-14 16:35:03.000000
16779264,2022-04-14 16:35:05.000000
16779264,2022-04-14 16:35:07.000000
16779264,2022-04-14 16:35:08.000000
16779264,2022-04-14 16:35:09.000000
16778240,2022-04-14 16:35:12.000000
16778240,2022-04-14 16:35:13.000000
16778240,2022-04-14 16:35:19.000000
16779264,2022-04-14 16:35:22.000000
16779264,2022-04-14 16:35:25.000000
16779264,2022-04-14 16:35:27.000000
16779264,2022-04-14 16:35:29.000000
16779264,2022-04-14 16:35:34.000000
16779264,2022-04-14 16:35:35.000000
16779264,2022-04-14 16:35:37.000000
16779264,2022-04-14 16:35:39.000000
16779264,2022-04-14 16:35:40.000000
16779264,2022-04-14 16:35:44.000000
16779264,2022-04-14 16:35:46.000000
16779264,2022-04-14 16:35:50.000000
16778240,2022-04-14 16:35:50.000000
16779264,2022-04-14 16:35:51.000000
16778240,2022-04-14 16:35:54.000000
16779264,2022-04-14 16:35:54.000000
16779264,2022-04-14 16:35:55.000000
16779264,2022-04-14 16:35:58.000000
16779264,2022-04-14 16:36:03.000000
16779264,2022-04-14 16:36:05.000000
16778240,2022-04-14 16:36:09.000000
16778240,2022-04-14 16:36:11.000000
16778240,2022-04-14 16:36:15.000000
16779264,2022-04-14 16:36:16.000000
16778240,2022-04-14 16:36:17.000000
16778240,2022-04-14 16:36:18.000000
16778240,2022-04-14 16:36:21.000000
16778240,2022-04-14 16:36:23.000000
16779264,2022-04-14 16:36:25.000000
16778240,2022-04-14 16:36:27.000000
16778240,2022-04-14 16:36:29.000000
16778240,2022-04-14 16:36:29.000000
16778240,2022-04-14 16:36:32.000000
16778240,2022-04-14 16:36:33.000000
16778240,2022-04-14 16:36:34.000000
16778240,2022-04-14 16:36:44.000000
16778240,2022-04-14 16:36:46.000000
16778240,2022-04-14 16:36:48.000000
16778240,2022-04-14 16:36:50.000000
16778240,2022-04-14 16:36:53.000000
16778240,2022-04-14 16:36:56.000000
16778240,2022-04-14 16:36:56.000000
16778240,2022-04-14 16:36:58.000000
16778240,2022-04-14 16:37:01.000000
16778240,2022-04-14 16:37:05.000000
16778240,2022-04-14 16:37:07.000000
16778240,2022-04-14 16:37:08.000000
16778240,2022-04-14 16:37:10.000000
16778240,2022-04-14 16:37:11.000000
16778240,2022-04-14 16:37:12.000000
16778240,2022-04-14 16:37:16.000000
16778240,2022-04-14 16:37:19.000000
16778240,2022-04-14 16:37:20.000000
16779264,2022-04-14 16:37:21.000000
16778240,2022-04-14 16:37:21.000000
16778240,2022-04-14 16:37:21.000000
16778240,2022-04-14 16:37:23.000000
16778240,2022-04-14 16:37:26.000000
16778240,2022-04-14 16:37:27.000000
16778240,2022-04-14 16:37:31.000000
16779264,2022-04-14 16:37:32.000000
16779264,2022-04-14 16:37:33.000000
16779264,2022-04-14 16:37:34.000000
16778240,2022-04-14 16:37:35.000000
16779264,2022-04-14 16:37:35.000000
16779264,2022-04-14 16:37:35.000000
16778240,2022-04-14 16:37:35.000000
16779264,2022-04-14 16:37:35.000000
16778240,2022-04-14 16:37:36.000000
16778240,2022-04-14 16:37:39.000000
16778240,2022-04-14 16:37:41.000000
16778240,2022-04-14 16:37:44.000000
16778240,2022-04-14 16:37:46.000000
16779264,2022-04-14 16:37:46.000000
16778240,2022-04-14 16:37:47.000000
16779264,2022-04-14 16:37:49.000000
16778240,2022-04-14 16:37:49.000000
16779264,2022-04-14 16:37:49.000000
16778240,2022-04-14 16:37:52.000000
16778240,2022-04-14 16:37:57.000000
16778240,2022-04-14 16:38:03.000000
16778240,2022-04-14 16:38:05.000000
16778240,2022-04-14 16:38:06.000000
16778240,2022-04-14 16:38:09.000000
16778240,2022-04-14 16:38:10.000000
16778240,2022-04-14 16:38:13.000000
16778240,2022-04-14 16:38:14.000000
16778240,2022-04-14 16:38:17.000000
16778240,2022-04-14 16:38:20.000000
16778240,2022-04-14 16:38:24.000000
16778240,2022-04-14 16:38:25.000000
16778240,2022-04-14 16:38:29.000000
16778240,2022-04-14 16:38:31.000000
16778240,2022-04-14 16:38:33.000000
16779264,2022-04-14 16:38:33.000000
16778240,2022-04-14 16:38:33.000000
16779264,2022-04-14 16:38:33.000000
16779264,2022-04-14 16:38:36.000000
16779264,2022-04-14 16:38:39.000000
16778240,2022-04-14 16:38:39.000000
16779264,2022-04-14 16:38:39.000000
16778240,2022-04-14 16:38:40.000000
16779264,2022-04-14 16:38:40.000000
16778240,2022-04-14 16:38:41.000000
16778240,2022-04-14 16:38:42.000000
16778240,2022-04-14 16:38:44.000000
16778240,2022-04-14 16:38:54.000000
16778240,2022-04-14 16:38:56.000000
16778240,2022-04-14 16:38:58.000000
16778240,2022-04-14 16:39:00.000000
16778240,2022-04-14 16:39:03.000000
16778240,2022-04-14 16:39:04.000000
16778240,2022-04-14 16:39:05.000000
16778240,2022-04-14 16:39:07.000000
16778240,2022-04-14 16:39:10.000000
16778240,2022-04-14 16:39:12.000000
16778240,2022-04-14 16:39:13.000000
16779264,2022-04-14 16:39:16.000000
16779264,2022-04-14 16:39:23.000000
16778240,2022-04-14 16:39:25.000000
16779264,2022-04-14 16:39:25.000000
16778240,2022-04-14 16:39:25.000000
16778240,2022-04-14 16:39:28.000000
16778240,2022-04-14 16:39:31.000000
16779264,2022-04-14 16:39:31.000000
16778240,2022-04-14 16:39:31.000000
16778240,2022-04-14 16:39:32.000000
16778240,2022-04-14 16:39:34.000000
16778240,2022-04-14 16:39:35.000000
16778240,2022-04-14 16:39:37.000000
16778240,2022-04-14 16:39:38.000000
16778240,2022-04-14 16:39:40.000000
16778240,2022-04-14 16:39:41.000000
16778240,2022-04-14 16:39:42.000000
16778240,2022-04-14 16:39:44.000000
16778240,2022-04-14 16:39:45.000000
16779264,2022-04-14 16:39:46.000000
16778240,2022-04-14 16:39:47.000000
16778240,2022-04-14 16:39:49.000000
16778240,2022-04-14 16:39:51.000000
16779264,2022-04-14 16:39:51.000000
16778240,2022-04-14 16:39:52.000000
16778240,2022-04-14 16:39:54.000000
16778240,2022-04-14 16:39:56.000000
16778240,2022-04-14 16:39:59.000000
16778240,2022-04-14 16:40:01.000000
16778240,2022-04-14 16:40:03.000000
16778240,2022-04-14 16:40:04.000000
16778240,2022-04-14 16:40:07.000000
16778240,2022-04-14 16:40:09.000000
16778240,2022-04-14 16:40:10.000000
16778240,2022-04-14 16:40:15.000000
16778240,2022-04-14 16:40:16.000000
16778240,2022-04-14 16:40:18.000000
16778240,2022-04-14 16:40:19.000000
16778240,2022-04-14 16:40:21.000000
16778240,2022-04-14 16:40:22.000000
16779264,2022-04-14 16:40:25.000000
16778240,2022-04-14 16:40:26.000000
16779264,2022-04-14 16:40:27.000000
16779264,2022-04-14 16:40:28.000000
16779264,2022-04-14 16:40:29.000000
16778240,2022-04-14 16:40:31.000000
16779264,2022-04-14 16:40:31.000000
16779264,2022-04-14 16:40:35.000000
16778240,2022-04-14 16:40:35.000000
16779264,2022-04-14 16:40:36.000000
16779264,2022-04-14 16:40:37.000000
16778240,2022-04-14 16:40:37.000000
16779264,2022-04-14 16:40:37.000000
16779264,2022-04-14 16:40:38.000000
16778240,2022-04-14 16:40:40.000000
16778240,2022-04-14 16:40:43.000000
16779264,2022-04-14 16:40:43.000000
16779264,2022-04-14 16:40:43.000000
16778240,2022-04-14 16:40:43.000000
16778240,2022-04-14 16:40:44.000000
16778240,2022-04-14 16:41:05.000000
16778240,2022-04-14 16:41:05.000000
16778240,2022-04-14 16:41:09.000000
16778240,2022-04-14 16:41:21.000000
16778240,2022-04-14 16:41:21.000000
16778240,2022-04-14 16:41:25.000000
16778240,2022-04-14 16:41:25.000000
16778240,2022-04-14 16:41:28.000000
16778240,2022-04-14 16:41:31.000000
16778240,2022-04-14 16:41:32.000000
16778240,2022-04-14 16:41:33.000000
16778240,2022-04-14 16:41:36.000000
16779264,2022-04-14 16:41:38.000000
16779264,2022-04-14 16:41:41.000000
16779264,2022-04-14 16:41:42.000000
16779264,2022-04-14 16:41:44.000000
16779264,2022-04-14 16:41:45.000000
16779264,2022-04-14 16:41:52.000000
16779264,2022-04-14 16:41:53.000000
16778240,2022-04-14 16:41:55.000000
16779264,2022-04-14 16:41:57.000000
16778240,2022-04-14 16:41:57.000000
16778240,2022-04-14 16:42:01.000000
16779264,2022-04-14 16:42:01.000000
16778240,2022-04-14 16:42:02.000000
16778240,2022-04-14 16:42:03.000000
16778240,2022-04-14 16:42:05.000000
16778240,2022-04-14 16:42:07.000000
16778240,2022-04-14 16:42:09.000000
16779264,2022-04-14 16:42:09.000000
16778240,2022-04-14 16:42:10.000000
16778240,2022-04-14 16:42:11.000000
16778240,2022-04-14 16:42:15.000000
16779264,2022-04-14 16:42:18.000000
16779264,2022-04-14 16:42:18.000000
16778240,2022-04-14 16:42:18.000000
16778240,2022-04-14 16:42:25.000000
16779264,2022-04-14 16:42:25.000000
16779264,2022-04-14 16:42:32.000000
16778240,2022-04-14 16:42:35.000000
16778240,2022-04-14 16:42:37.000000
16778240,2022-04-14 16:42:39.000000
16778240,2022-04-14 16:42:40.000000
16779264,2022-04-14 16:42:41.000000
16778240,2022-04-14 16:42:44.000000
16778240,2022-04-14 16:42:48.000000
16778240,2022-04-14 16:42:55.000000
16778240,2022-04-14 16:42:57.000000
16778240,2022-04-14 16:42:58.000000
16779264,2022-04-14 16:42:58.000000
16778240,2022-04-14 16:42:59.000000
16778240,2022-04-14 16:43:00.000000
16778240,2022-04-14 16:43:01.000000
16778240,2022-04-14 16:43:04.000000
16778240,2022-04-14 16:43:05.000000
16778240,2022-04-14 16:43:06.000000
16778240,2022-04-14 16:43:07.000000
16778240,2022-04-14 16:43:10.000000
16778240,2022-04-14 16:43:11.000000
16779264,2022-04-14 16:43:17.000000
16778240,2022-04-14 16:43:18.000000
16779264,2022-04-14 16:43:18.000000
16779264,2022-04-14 16:43:21.000000
16778240,2022-04-14 16:43:23.000000
16779264,2022-04-14 16:43:25.000000
16779264,2022-04-14 16:43:26.000000
16779264,2022-04-14 16:43:27.000000
16779264,2022-04-14 16:43:28.000000
16779264,2022-04-14 16:43:29.000000
16778240,2022-04-14 16:43:29.000000
16779264,2022-04-14 16:43:32.000000
16779264,2022-04-14 16:43:34.000000
16779264,2022-04-14 16:43:36.000000
16779264,2022-04-14 16:43:38.000000
16779264,2022-04-14 16:43:39.000000
16779264,2022-04-14 16:43:41.000000
16779264,2022-04-14 16:43:43.000000
16779264,2022-04-14 16:43:45.000000
16779264,2022-04-14 16:43:48.000000
16779264,2022-04-14 16:43:53.000000
16779264,2022-04-14 16:43:55.000000
16779264,2022-04-14 16:43:58.000000
16779264,2022-04-14 16:43:59.000000
16779264,2022-04-14 16:44:00.000000
16779264,2022-04-14 16:44:05.000000
16779264,2022-04-14 16:44:06.000000
16779264,2022-04-14 16:44:08.000000
16779264,2022-04-14 16:44:12.000000
16779264,2022-04-14 16:44:13.000000
16778240,2022-04-14 16:44:15.000000
16778240,2022-04-14 16:44:23.000000
16778240,2022-04-14 16:44:23.000000
16778240,2022-04-14 16:44:24.000000
16778240,2022-04-14 16:44:25.000000
16778240,2022-04-14 16:44:30.000000
16778240,2022-04-14 16:44:32.000000
16778240,2022-04-14 16:44:33.000000
16779264,2022-04-14 16:44:36.000000
16778240,2022-04-14 16:44:38.000000
16779264,2022-04-14 16:44:40.000000
16778240,2022-04-14 16:44:40.000000
16779264,2022-04-14 16:44:41.000000
16778240,2022-04-14 16:44:43.000000
16779264,2022-04-14 16:44:43.000000
16778240,2022-04-14 16:44:46.000000
16779264,2022-04-14 16:44:46.000000
16778240,2022-04-14 16:44:46.000000
16778240,2022-04-14 16:44:48.000000
16779264,2022-04-14 16:44:49.000000
16779264,2022-04-14 16:44:50.000000
16778240,2022-04-14 16:44:51.000000
16778240,2022-04-14 16:44:52.000000
16778240,2022-04-14 16:44:55.000000
16778240,2022-04-14 16:44:57.000000
16779264,2022-04-14 16:44:59.000000
16778240,2022-04-14 16:45:00.000000
16778240,2022-04-14 16:45:02.000000
16778240,2022-04-14 16:45:03.000000
16778240,2022-04-14 16:45:05.000000
16779264,2022-04-14 16:45:06.000000
16778240,2022-04-14 16:45:10.000000
16778240,2022-04-14 16:45:12.000000
16779264,2022-04-14 16:45:12.000000
16778240,2022-04-14 16:45:13.000000
16778240,2022-04-14 16:45:14.000000
16778240,2022-04-14 16:45:19.000000
16778240,2022-04-14 16:45:23.000000
16778240,2022-04-14 16:45:23.000000
16778240,2022-04-14 16:45:25.000000
16778240,2022-04-14 16:45:27.000000
16779264,2022-04-14 16:45:27.000000
16779264,2022-04-14 16:45:28.000000
16778240,2022-04-14 16:45:29.000000
16779264,2022-04-14 16:45:30.000000
16778240,2022-04-14 16:45:33.000000
16778240,2022-04-14 16:45:34.000000
16778240,2022-04-14 16:45:36.000000
16778240,2022-04-14 16:45:42.000000
16778240,2022-04-14 16:45:44.000000
16778240,2022-04-14 16:45:49.000000
16778240,2022-04-14 16:45:53.000000
16778240,2022-04-14 16:45:58.000000
16778240,2022-04-14 16:46:01.000000
16778240,2022-04-14 16:46:02.000000
16779264,2022-04-14 16:46:04.000000
16778240,2022-04-14 16:46:04.000000
16778240,2022-04-14 16:46:04.000000
16778240,2022-04-14 16:46:05.000000
16779264,2022-04-14 16:46:06.000000
16778240,2022-04-14 16:46:08.000000
16778240,2022-04-14 16:46:09.000000
16779264,2022-04-14 16:46:10.000000
16779264,2022-04-14 16:46:10.000000
16779264,2022-04-14 16:46:14.000000
16779264,2022-04-14 16:46:17.000000
16779264,2022-04-14 16:46:20.000000
16778240,2022-04-14 16:46:21.000000
16778240,2022-04-14 16:46:22.000000
16779264,2022-04-14 16:46:22.000000
16779264,2022-04-14 16:46:24.000000
16779264,2022-04-14 16:46:25.000000
16779264,2022-04-14 16:46:32.000000
16779264,2022-04-14 16:46:33.000000
16779264,2022-04-14 16:46:34.000000
16778240,2022-04-14 16:46:35.000000
16779264,2022-04-14 16:46:35.000000
16778240,2022-04-14 16:46:35.000000
16779264,2022-04-14 16:46:37.000000
16779264,2022-04-14 16:46:37.000000
16778240,2022-04-14 16:46:37.000000
16778240,2022-04-14 16:46:38.000000
16779264,2022-04-14 16:46:38.000000
16779264,2022-04-14 16:46:40.000000
16779264,2022-04-14 16:46:41.000000
16779264,2022-04-14 16:46:42.000000
16779264,2022-04-14 16:46:43.000000
16779264,2022-04-14 16:46:43.000000
16779264,2022-04-14 16:46:47.000000
16778240,2022-04-14 16:46:49.000000
16779264,2022-04-14 16:46:50.000000
16778240,2022-04-14 16:46:50.000000
16778240,2022-04-14 16:46:50.000000
16779264,2022-04-14 16:46:51.000000
16778240,2022-04-14 16:46:51.000000
16778240,2022-04-14 16:46:51.000000
16779264,2022-04-14 16:46:51.000000
16779264,2022-04-14 16:46:52.000000
16779264,2022-04-14 16:46:53.000000
16778240,2022-04-14 16:46:54.000000
16779264,2022-04-14 16:46:54.000000
16778240,2022-04-14 16:46:54.000000
16778240,2022-04-14 16:46:55.000000
16779264,2022-04-14 16:46:55.000000
16778240,2022-04-14 16:46:56.000000
16779264,2022-04-14 16:47:01.000000
16779264,2022-04-14 16:47:02.000000
16779264,2022-04-14 16:47:05.000000
16779264,2022-04-14 16:47:07.000000
16778240,2022-04-14 16:47:09.000000
16779264,2022-04-14 16:47:10.000000
16778240,2022-04-14 16:47:10.000000
16779264,2022-04-14 16:47:11.000000
16778240,2022-04-14 16:47:11.000000
16779264,2022-04-14 16:47:11.000000
16778240,2022-04-14 16:47:11.000000
16778240,2022-04-14 16:47:15.000000
16779264,2022-04-14 16:47:15.000000
16779264,2022-04-14 16:47:17.000000
16778240,2022-04-14 16:47:17.000000
16778240,2022-04-14 16:47:17.000000
16779264,2022-04-14 16:47:17.000000
16778240,2022-04-14 16:47:18.000000
16779264,2022-04-14 16:47:19.000000
16778240,2022-04-14 16:47:19.000000
16779264,2022-04-14 16:47:20.000000
16779264,2022-04-14 16:47:21.000000
16779264,2022-04-14 16:47:24.000000
16779264,2022-04-14 16:47:28.000000
16779264,2022-04-14 16:47:30.000000
16778240,2022-04-14 16:47:31.000000
16779264,2022-04-14 16:47:31.000000
16778240,2022-04-14 16:47:31.000000
16779264,2022-04-14 16:47:31.000000
16778240,2022-04-14 16:47:36.000000
16778240,2022-04-14 16:47:38.000000
16778240,2022-04-14 16:47:41.000000
16778240,2022-04-14 16:47:46.000000
16778240,2022-04-14 16:47:50.000000
16778240,2022-04-14 16:47:51.000000
16778240,2022-04-14 16:47:54.000000
16778240,2022-04-14 16:47:55.000000
16778240,2022-04-14 16:47:56.000000
16778240,2022-04-14 16:47:59.000000
16778240,2022-04-14 16:48:06.000000
16778240,2022-04-14 16:48:11.000000
16778240,2022-04-14 16:48:12.000000
16778240,2022-04-14 16:48:13.000000
16778240,2022-04-14 16:48:15.000000
16779264,2022-04-14 16:48:15.000000
16779264,2022-04-14 16:48:15.000000
16778240,2022-04-14 16:48:15.000000
16778240,2022-04-14 16:48:16.000000
16778240,2022-04-14 16:48:17.000000
16778240,2022-04-14 16:48:20.000000
16778240,2022-04-14 16:48:25.000000
16778240,2022-04-14 16:48:26.000000
16778240,2022-04-14 16:48:28.000000
16778240,2022-04-14 16:48:30.000000
16778240,2022-04-14 16:48:33.000000
16778240,2022-04-14 16:48:36.000000
16778240,2022-04-14 16:48:37.000000
16778240,2022-04-14 16:48:40.000000
16778240,2022-04-14 16:48:42.000000
16778240,2022-04-14 16:48:43.000000
16778240,2022-04-14 16:48:44.000000
16778240,2022-04-14 16:48:45.000000
16778240,2022-04-14 16:48:47.000000
16778240,2022-04-14 16:48:49.000000
16778240,2022-04-14 16:48:50.000000
16778240,2022-04-14 16:48:53.000000
16778240,2022-04-14 16:48:55.000000
16778240,2022-04-14 16:48:58.000000
16778240,2022-04-14 16:49:03.000000
16778240,2022-04-14 16:49:04.000000
16778240,2022-04-14 16:49:06.000000
16778240,2022-04-14 16:49:07.000000
16778240,2022-04-14 16:49:07.000000
16779264,2022-04-14 16:49:10.000000
16778240,2022-04-14 16:49:11.000000
16779264,2022-04-14 16:49:18.000000
16778240,2022-04-14 16:49:19.000000
16778240,2022-04-14 16:49:19.000000
16778240,2022-04-14 16:49:20.000000
16778240,2022-04-14 16:49:22.000000
16778240,2022-04-14 16:49:22.000000
16778240,2022-04-14 16:49:27.000000
16778240,2022-04-14 16:49:30.000000
16778240,2022-04-14 16:49:34.000000
16778240,2022-04-14 16:49:35.000000
16778240,2022-04-14 16:49:41.000000
16778240,2022-04-14 16:49:42.000000
16778240,2022-04-14 16:49:44.000000
16778240,2022-04-14 16:49:49.000000
16778240,2022-04-14 16:49:51.000000
16778240,2022-04-14 16:49:54.000000
16778240,2022-04-14 16:49:55.000000
16778240,2022-04-14 16:49:58.000000
16778240,2022-04-14 16:50:00.000000
16778240,2022-04-14 16:50:06.000000
16778240,2022-04-14 16:50:08.000000
16778240,2022-04-14 16:50:11.000000
16778240,2022-04-14 16:50:12.000000
16778240,2022-04-14 16:50:14.000000
16778240,2022-04-14 16:50:15.000000
16778240,2022-04-14 16:50:17.000000
16778240,2022-04-14 16:50:20.000000
16778240,2022-04-14 16:50:23.000000
16778240,2022-04-14 16:50:25.000000
16778240,2022-04-14 16:50:27.000000
16778240,2022-04-14 16:50:30.000000
16778240,2022-04-14 16:50:31.000000
16778240,2022-04-14 16:50:32.000000
16778240,2022-04-14 16:50:34.000000
16778240,2022-04-14 16:50:35.000000
16778240,2022-04-14 16:50:37.000000
16778240,2022-04-14 16:50:39.000000
16778240,2022-04-14 16:50:40.000000
16778240,2022-04-14 16:50:42.000000
16779264,2022-04-14 16:50:42.000000
16778240,2022-04-14 16:50:43.000000
16778240,2022-04-14 16:50:46.000000
16778240,2022-04-14 16:50:47.000000
16778240,2022-04-14 16:50:50.000000
16778240,2022-04-14 16:50:51.000000
16778240,2022-04-14 16:50:52.000000
16778240,2022-04-14 16:50:53.000000
16778240,2022-04-14 16:50:54.000000
16778240,2022-04-14 16:50:55.000000
16778240,2022-04-14 16:50:56.000000
16778240,2022-04-14 16:50:59.000000
16778240,2022-04-14 16:50:59.000000
16778240,2022-04-14 16:51:01.000000
16778240,2022-04-14 16:51:03.000000
16779264,2022-04-14 16:51:05.000000
16778240,2022-04-14 16:51:05.000000
16778240,2022-04-14 16:51:08.000000
16778240,2022-04-14 16:51:10.000000
16778240,2022-04-14 16:51:11.000000
16778240,2022-04-14 16:51:14.000000
16778240,2022-04-14 16:51:15.000000
16778240,2022-04-14 16:51:17.000000
16778240,2022-04-14 16:51:21.000000
16778240,2022-04-14 16:51:24.000000
16778240,2022-04-14 16:51:24.000000
16778240,2022-04-14 16:51:25.000000
16778240,2022-04-14 16:51:28.000000
16779264,2022-04-14 16:51:29.000000
16779264,2022-04-14 16:51:29.000000
16779264,2022-04-14 16:51:32.000000
16779264,2022-04-14 16:51:33.000000
16778240,2022-04-14 16:51:34.000000
16778240,2022-04-14 16:51:38.000000
16778240,2022-04-14 16:51:41.000000
16778240,2022-04-14 16:51:48.000000
16778240,2022-04-14 16:51:52.000000
16778240,2022-04-14 16:51:54.000000
16778240,2022-04-14 16:51:57.000000
16778240,2022-04-14 16:51:58.000000
16778240,2022-04-14 16:51:59.000000
16778240,2022-04-14 16:52:01.000000
16778240,2022-04-14 16:52:02.000000
16778240,2022-04-14 16:52:06.000000
16778240,2022-04-14 16:52:08.000000
16778240,2022-04-14 16:52:11.000000
16778240,2022-04-14 16:52:16.000000
16778240,2022-04-14 16:52:18.000000
16778240,2022-04-14 16:52:21.000000
16778240,2022-04-14 16:52:23.000000
16778240,2022-04-14 16:52:26.000000
16778240,2022-04-14 16:52:28.000000
16778240,2022-04-14 16:52:32.000000
16778240,2022-04-14 16:52:33.000000
16778240,2022-04-14 16:52:39.000000
16778240,2022-04-14 16:52:40.000000
16778240,2022-04-14 16:52:42.000000
16778240,2022-04-14 16:52:44.000000
16778240,2022-04-14 16:52:48.000000
16778240,2022-04-14 16:52:48.000000
16778240,2022-04-14 16:52:49.000000
16778240,2022-04-14 16:52:52.000000
16779264,2022-04-14 16:52:53.000000
16779264,2022-04-14 16:52:53.000000
16779264,2022-04-14 16:52:53.000000
16778240,2022-04-14 16:52:53.000000
16779264,2022-04-14 16:52:54.000000
16778240,2022-04-14 16:52:55.000000
16778240,2022-04-14 16:52:56.000000
16778240,2022-04-14 16:53:00.000000
16778240,2022-04-14 16:53:04.000000
16778240,2022-04-14 16:53:06.000000
16779264,2022-04-14 16:53:07.000000
16778240,2022-04-14 16:53:08.000000
16778240,2022-04-14 16:53:09.000000
16779264,2022-04-14 16:53:09.000000
16778240,2022-04-14 16:53:10.000000
16778240,2022-04-14 16:53:11.000000
16778240,2022-04-14 16:53:13.000000
16778240,2022-04-14 16:53:16.000000
16778240,2022-04-14 16:53:18.000000
16778240,2022-04-14 16:53:21.000000
16778240,2022-04-14 16:53:21.000000
16778240,2022-04-14 16:53:23.000000
16778240,2022-04-14 16:53:24.000000
16778240,2022-04-14 16:53:27.000000
16778240,2022-04-14 16:53:28.000000
16778240,2022-04-14 16:53:32.000000
16778240,2022-04-14 16:53:35.000000
16778240,2022-04-14 16:53:39.000000
16778240,2022-04-14 16:53:40.000000
16778240,2022-04-14 16:53:45.000000
16778240,2022-04-14 16:53:48.000000
16778240,2022-04-14 16:53:50.000000
16778240,2022-04-14 16:53:53.000000
16778240,2022-04-14 16:53:57.000000
16778240,2022-04-14 16:53:58.000000
16778240,2022-04-14 16:54:05.000000
16778240,2022-04-14 16:54:08.000000
16778240,2022-04-14 16:54:10.000000
16778240,2022-04-14 16:54:12.000000
16778240,2022-04-14 16:54:18.000000
16778240,2022-04-14 16:54:20.000000
16778240,2022-04-14 16:54:22.000000
16778240,2022-04-14 16:54:25.000000
16778240,2022-04-14 16:54:28.000000
16778240,2022-04-14 16:55:00.000000
16778240,2022-04-14 16:55:06.000000
16778240,2022-04-14 16:55:07.000000
16778240,2022-04-14 16:55:08.000000
16778240,2022-04-14 16:55:09.000000
16778240,2022-04-14 16:55:20.000000
16778240,2022-04-14 16:55:23.000000
16778240,2022-04-14 16:55:27.000000
16778240,2022-04-14 16:55:29.000000
16778240,2022-04-14 16:55:32.000000
16778240,2022-04-14 16:55:32.000000
16778240,2022-04-14 16:55:34.000000
16778240,2022-04-14 16:55:38.000000
16778240,2022-04-14 16:55:39.000000
16778240,2022-04-14 16:55:41.000000
16778240,2022-04-14 16:55:46.000000
16778240,2022-04-14 16:55:48.000000
16778240,2022-04-14 16:55:49.000000
16778240,2022-04-14 16:55:53.000000
16778240,2022-04-14 16:55:57.000000
16778240,2022-04-14 16:55:59.000000
16778240,2022-04-14 16:56:04.000000
16778240,2022-04-14 16:56:08.000000
16778240,2022-04-14 16:56:11.000000
16778240,2022-04-14 16:56:14.000000
16778240,2022-04-14 16:56:15.000000
16778240,2022-04-14 16:56:17.000000
16778240,2022-04-14 16:56:18.000000
16778240,2022-04-14 16:56:20.000000
16778240,2022-04-14 16:56:22.000000
16778240,2022-04-14 16:56:23.000000
16778240,2022-04-14 16:56:27.000000
16778240,2022-04-14 16:56:30.000000
16778240,2022-04-14 16:56:40.000000
16778240,2022-04-14 16:56:43.000000
16778240,2022-04-14 16:56:47.000000
16778240,2022-04-14 16:56:48.000000
16778240,2022-04-14 16:56:56.000000
16778240,2022-04-14 16:57:01.000000
16778240,2022-04-14 16:57:03.000000
16778240,2022-04-14 16:57:07.000000
16778240,2022-04-14 16:57:10.000000
16778240,2022-04-14 16:57:10.000000
16778240,2022-04-14 16:57:13.000000
16779264,2022-04-14 16:57:14.000000
16778240,2022-04-14 16:57:15.000000
16778240,2022-04-14 16:57:21.000000
16778240,2022-04-14 16:57:23.000000
16778240,2022-04-14 16:57:26.000000
16778240,2022-04-14 16:57:27.000000
16778240,2022-04-14 16:57:29.000000
16778240,2022-04-14 16:57:32.000000
16779264,2022-04-14 16:57:32.000000
16778240,2022-04-14 16:57:33.000000
16778240,2022-04-14 16:57:34.000000
16779264,2022-04-14 16:57:34.000000
16778240,2022-04-14 16:57:36.000000
16778240,2022-04-14 16:57:37.000000
16778240,2022-04-14 16:57:39.000000
16778240,2022-04-14 16:57:39.000000
16778240,2022-04-14 16:57:42.000000
16778240,2022-04-14 16:57:46.000000
16778240,2022-04-14 16:57:47.000000
16778240,2022-04-14 16:57:47.000000
16779264,2022-04-14 16:57:47.000000
16779264,2022-04-14 16:57:48.000000
16778240,2022-04-14 16:57:49.000000
16779264,2022-04-14 16:57:49.000000
16778240,2022-04-14 16:57:52.000000
16779264,2022-04-14 16:57:53.000000
16778240,2022-04-14 16:57:53.000000
16778240,2022-04-14 16:57:54.000000
16778240,2022-04-14 16:57:56.000000
16778240,2022-04-14 16:57:56.000000
16779264,2022-04-14 16:57:57.000000
16778240,2022-04-14 16:57:57.000000
16778240,2022-04-14 16:57:57.000000
16779264,2022-04-14 16:57:58.000000
16778240,2022-04-14 16:57:58.000000
16778240,2022-04-14 16:57:59.000000
16778240,2022-04-14 16:58:02.000000
16778240,2022-04-14 16:58:06.000000
16778240,2022-04-14 16:58:08.000000
16778240,2022-04-14 16:58:10.000000
16778240,2022-04-14 16:58:14.000000
16778240,2022-04-14 16:58:14.000000
16778240,2022-04-14 16:58:16.000000
16778240,2022-04-14 16:58:18.000000
16778240,2022-04-14 16:58:21.000000
16778240,2022-04-14 16:58:22.000000
16778240,2022-04-14 16:58:25.000000
16778240,2022-04-14 16:58:26.000000
16778240,2022-04-14 16:58:27.000000
16778240,2022-04-14 16:58:29.000000
16778240,2022-04-14 16:58:33.000000
16778240,2022-04-14 16:58:34.000000
16778240,2022-04-14 16:58:39.000000
16778240,2022-04-14 16:58:43.000000
16778240,2022-04-14 16:58:45.000000
16778240,2022-04-14 16:58:49.000000
16778240,2022-04-14 16:58:51.000000
16778240,2022-04-14 16:58:51.000000
16778240,2022-04-14 16:58:53.000000
16778240,2022-04-14 16:58:57.000000
16779264,2022-04-14 16:58:58.000000
16778240,2022-04-14 16:59:00.000000
16778240,2022-04-14 16:59:01.000000
16778240,2022-04-14 16:59:02.000000
16778240,2022-04-14 16:59:06.000000
16778240,2022-04-14 16:59:07.000000
16778240,2022-04-14 16:59:09.000000
16778240,2022-04-14 16:59:10.000000
16778240,2022-04-14 16:59:12.000000
16778240,2022-04-14 16:59:21.000000
16778240,2022-04-14 16:59:25.000000
16778240,2022-04-14 16:59:31.000000
16778240,2022-04-14 16:59:32.000000
16778240,2022-04-14 16:59:33.000000
16778240,2022-04-14 16:59:37.000000
16778240,2022-04-14 16:59:39.000000
16778240,2022-04-14 16:59:41.000000
16778240,2022-04-14 16:59:43.000000
16778240,2022-04-14 16:59:44.000000
16778240,2022-04-14 16:59:46.000000
16778240,2022-04-14 16:59:47.000000
16778240,2022-04-14 16:59:47.000000
16778240,2022-04-14 16:59:56.000000
16778240,2022-04-14 16:59:58.000000
16778240,2022-04-14 17:00:05.000000
16778240,2022-04-14 17:00:06.000000
16778240,2022-04-14 17:00:06.000000
16778240,2022-04-14 17:00:09.000000
16778240,2022-04-14 17:00:10.000000
16779264,2022-04-14 17:00:11.000000
16778240,2022-04-14 17:00:13.000000
16778240,2022-04-14 17:00:14.000000
16778240,2022-04-14 17:00:21.000000
16778240,2022-04-14 17:00:24.000000
16778240,2022-04-14 17:00:27.000000
16778240,2022-04-14 17:00:27.000000
16778240,2022-04-14 17:00:30.000000
16778240,2022-04-14 17:00:33.000000
16778240,2022-04-14 17:00:38.000000
16779264,2022-04-14 17:00:38.000000
16779264,2022-04-14 17:00:39.000000
16778240,2022-04-14 17:00:40.000000
16778240,2022-04-14 17:00:44.000000
16778240,2022-04-14 17:00:46.000000
16778240,2022-04-14 17:00:49.000000
16778240,2022-04-14 17:00:51.000000
16778240,2022-04-14 17:00:53.000000
16778240,2022-04-14 17:00:54.000000
16778240,2022-04-14 17:00:55.000000
16778240,2022-04-14 17:01:00.000000
16778240,2022-04-14 17:01:01.000000
16778240,2022-04-14 17:01:02.000000
16778240,2022-04-14 17:01:07.000000
16778240,2022-04-14 17:01:10.000000
16778240,2022-04-14 17:01:17.000000
16778240,2022-04-14 17:01:19.000000
16779264,2022-04-14 17:01:21.000000
16778240,2022-04-14 17:01:24.000000
16778240,2022-04-14 17:01:31.000000
16778240,2022-04-14 17:01:31.000000
16779264,2022-04-14 17:01:31.000000
16778240,2022-04-14 17:01:32.000000
16779264,2022-04-14 17:01:35.000000
16778240,2022-04-14 17:01:35.000000
16779264,2022-04-14 17:01:38.000000
16778240,2022-04-14 17:01:39.000000
16779264,2022-04-14 17:01:43.000000
16778240,2022-04-14 17:01:44.000000
16778240,2022-04-14 17:01:45.000000
16779264,2022-04-14 17:01:45.000000
16778240,2022-04-14 17:01:46.000000
16779264,2022-04-14 17:01:49.000000
16779264,2022-04-14 17:01:52.000000
16778240,2022-04-14 17:01:56.000000
16779264,2022-04-14 17:01:56.000000
16779264,2022-04-14 17:01:57.000000
16779264,2022-04-14 17:02:00.000000
16779264,2022-04-14 17:02:01.000000
16778240,2022-04-14 17:02:03.000000
16779264,2022-04-14 17:02:03.000000
16779264,2022-04-14 17:02:09.000000
16779264,2022-04-14 17:02:14.000000
16778240,2022-04-14 17:02:15.000000
16779264,2022-04-14 17:02:15.000000
16778240,2022-04-14 17:02:16.000000
16779264,2022-04-14 17:02:17.000000
16778240,2022-04-14 17:02:18.000000
16778240,2022-04-14 17:02:25.000000
16778240,2022-04-14 17:02:27.000000
16778240,2022-04-14 17:02:28.000000
16778240,2022-04-14 17:02:32.000000
16778240,2022-04-14 17:02:33.000000
16778240,2022-04-14 17:02:34.000000
16778240,2022-04-14 17:02:37.000000
16778240,2022-04-14 17:02:38.000000
16778240,2022-04-14 17:02:42.000000
16778240,2022-04-14 17:02:44.000000
16778240,2022-04-14 17:02:45.000000
16778240,2022-04-14 17:02:49.000000
16778240,2022-04-14 17:02:51.000000
16778240,2022-04-14 17:02:53.000000
16778240,2022-04-14 17:02:55.000000
16778240,2022-04-14 17:02:56.000000
16778240,2022-04-14 17:03:03.000000
16778240,2022-04-14 17:03:04.000000
16778240,2022-04-14 17:03:09.000000
16778240,2022-04-14 17:03:10.000000
16778240,2022-04-14 17:03:12.000000
16778240,2022-04-14 17:03:14.000000
16778240,2022-04-14 17:03:15.000000
16778240,2022-04-14 17:03:16.000000
16778240,2022-04-14 17:03:17.000000
16778240,2022-04-14 17:03:19.000000
16778240,2022-04-14 17:03:21.000000
16778240,2022-04-14 17:03:23.000000
16778240,2022-04-14 17:03:24.000000
16778240,2022-04-14 17:03:28.000000
16778240,2022-04-14 17:03:29.000000
16778240,2022-04-14 17:03:32.000000
16778240,2022-04-14 17:03:34.000000
16778240,2022-04-14 17:03:35.000000
16778240,2022-04-14 17:03:38.000000
16778240,2022-04-14 17:03:39.000000
16778240,2022-04-14 17:03:40.000000
16778240,2022-04-14 17:03:44.000000
16778240,2022-04-14 17:03:47.000000
16778240,2022-04-14 17:03:48.000000
16778240,2022-04-14 17:03:50.000000
16778240,2022-04-14 17:03:51.000000
16778240,2022-04-14 17:03:53.000000
16779264,2022-04-14 17:03:55.000000
16778240,2022-04-14 17:03:55.000000
16778240,2022-04-14 17:03:55.000000
16779264,2022-04-14 17:04:01.000000
16778240,2022-04-14 17:04:04.000000
16779264,2022-04-14 17:04:11.000000
16778240,2022-04-14 17:04:13.000000
16779264,2022-04-14 17:04:15.000000
16778240,2022-04-14 17:04:15.000000
16778240,2022-04-14 17:04:17.000000
16778240,2022-04-14 17:04:20.000000
16778240,2022-04-14 17:04:22.000000
16778240,2022-04-14 17:04:24.000000
16778240,2022-04-14 17:04:25.000000
16778240,2022-04-14 17:04:27.000000
16779264,2022-04-14 17:04:32.000000
16779264,2022-04-14 17:04:33.000000
16779264,2022-04-14 17:04:36.000000
16779264,2022-04-14 17:04:39.000000
16779264,2022-04-14 17:04:42.000000
16779264,2022-04-14 17:04:45.000000
16778240,2022-04-14 17:04:45.000000
16779264,2022-04-14 17:04:47.000000
16778240,2022-04-14 17:04:47.000000
16778240,2022-04-14 17:04:47.000000
16778240,2022-04-14 17:04:48.000000
16778240,2022-04-14 17:04:49.000000
16778240,2022-04-14 17:04:51.000000
16778240,2022-04-14 17:04:53.000000
16778240,2022-04-14 17:04:55.000000
16778240,2022-04-14 17:04:58.000000
16778240,2022-04-14 17:05:00.000000
16778240,2022-04-14 17:05:02.000000
16778240,2022-04-14 17:05:03.000000
16778240,2022-04-14 17:05:04.000000
16779264,2022-04-14 17:05:09.000000
16778240,2022-04-14 17:05:09.000000
16778240,2022-04-14 17:05:09.000000
16778240,2022-04-14 17:05:13.000000
16778240,2022-04-14 17:05:16.000000
16778240,2022-04-14 17:05:17.000000
16778240,2022-04-14 17:05:18.000000
16779264,2022-04-14 17:05:19.000000
16779264,2022-04-14 17:05:20.000000
16779264,2022-04-14 17:05:21.000000
16779264,2022-04-14 17:05:25.000000
16779264,2022-04-14 17:05:28.000000
16779264,2022-04-14 17:05:29.000000
16778240,2022-04-14 17:05:35.000000
16779264,2022-04-14 17:05:36.000000
16778240,2022-04-14 17:05:38.000000
16778240,2022-04-14 17:05:45.000000
16778240,2022-04-14 17:05:49.000000
16778240,2022-04-14 17:05:52.000000
16778240,2022-04-14 17:05:52.000000
16778240,2022-04-14 17:05:53.000000
16778240,2022-04-14 17:05:57.000000
16778240,2022-04-14 17:05:58.000000
16778240,2022-04-14 17:06:06.000000
16778240,2022-04-14 17:06:08.000000
16778240,2022-04-14 17:06:11.000000
16778240,2022-04-14 17:06:13.000000
16778240,2022-04-14 17:06:14.000000
16779264,2022-04-14 17:06:14.000000
16779264,2022-04-14 17:06:19.000000
16779264,2022-04-14 17:06:21.000000
16778240,2022-04-14 17:06:21.000000
16778240,2022-04-14 17:06:24.000000
16779264,2022-04-14 17:06:24.000000
16778240,2022-04-14 17:06:24.000000
16779264,2022-04-14 17:06:28.000000
16779264,2022-04-14 17:06:32.000000
16778240,2022-04-14 17:06:36.000000
16778240,2022-04-14 17:06:43.000000
16778240,2022-04-14 17:06:44.000000
16778240,2022-04-14 17:06:46.000000
16778240,2022-04-14 17:06:51.000000
16778240,2022-04-14 17:06:53.000000
16778240,2022-04-14 17:06:54.000000
16778240,2022-04-14 17:06:56.000000
16778240,2022-04-14 17:06:58.000000
16778240,2022-04-14 17:07:02.000000
16778240,2022-04-14 17:07:12.000000
16778240,2022-04-14 17:07:20.000000
16778240,2022-04-14 17:07:22.000000
16778240,2022-04-14 17:07:26.000000
16778240,2022-04-14 17:07:28.000000
16778240,2022-04-14 17:07:28.000000
16778240,2022-04-14 17:07:33.000000
16778240,2022-04-14 17:07:35.000000
16778240,2022-04-14 17:07:39.000000
16778240,2022-04-14 17:07:40.000000
16778240,2022-04-14 17:07:42.000000
16778240,2022-04-14 17:07:43.000000
16778240,2022-04-14 17:07:44.000000
16778240,2022-04-14 17:07:47.000000
16778240,2022-04-14 17:07:48.000000
16778240,2022-04-14 17:07:50.000000
16778240,2022-04-14 17:07:51.000000
16778240,2022-04-14 17:07:55.000000
16778240,2022-04-14 17:07:57.000000
16778240,2022-04-14 17:07:58.000000
16779264,2022-04-14 17:08:00.000000
16779264,2022-04-14 17:08:03.000000
16778240,2022-04-14 17:08:08.000000
16778240,2022-04-14 17:08:11.000000
16779264,2022-04-14 17:08:11.000000
16778240,2022-04-14 17:08:11.000000
16779264,2022-04-14 17:08:12.000000
16778240,2022-04-14 17:08:13.000000
16779264,2022-04-14 17:08:15.000000
16779264,2022-04-14 17:08:16.000000
16778240,2022-04-14 17:08:17.000000
16779264,2022-04-14 17:08:19.000000
16779264,2022-04-14 17:08:20.000000
16778240,2022-04-14 17:08:21.000000
16779264,2022-04-14 17:08:28.000000
16779264,2022-04-14 17:08:30.000000
16779264,2022-04-14 17:08:32.000000
16778240,2022-04-14 17:08:35.000000
16779264,2022-04-14 17:08:36.000000
16779264,2022-04-14 17:08:40.000000
16778240,2022-04-14 17:08:41.000000
16778240,2022-04-14 17:08:45.000000
16778240,2022-04-14 17:08:47.000000
16778240,2022-04-14 17:08:50.000000
16778240,2022-04-14 17:08:51.000000
16778240,2022-04-14 17:08:53.000000
16778240,2022-04-14 17:08:55.000000
16778240,2022-04-14 17:08:59.000000
16778240,2022-04-14 17:09:02.000000
16778240,2022-04-14 17:09:04.000000
16779264,2022-04-14 17:09:05.000000
16779264,2022-04-14 17:09:06.000000
16778240,2022-04-14 17:09:09.000000
16779264,2022-04-14 17:09:09.000000
16779264,2022-04-14 17:09:11.000000
16779264,2022-04-14 17:09:12.000000
16778240,2022-04-14 17:09:13.000000
16778240,2022-04-14 17:09:13.000000
16778240,2022-04-14 17:09:14.000000
16778240,2022-04-14 17:09:15.000000
16778240,2022-04-14 17:09:17.000000
16778240,2022-04-14 17:09:20.000000
16778240,2022-04-14 17:09:21.000000
16779264,2022-04-14 17:09:22.000000
16778240,2022-04-14 17:09:22.000000
16779264,2022-04-14 17:09:25.000000
16779264,2022-04-14 17:09:26.000000
16779264,2022-04-14 17:09:29.000000
16779264,2022-04-14 17:09:29.000000
16779264,2022-04-14 17:09:31.000000
16779264,2022-04-14 17:09:32.000000
16779264,2022-04-14 17:09:40.000000
16778240,2022-04-14 17:09:44.000000
16779264,2022-04-14 17:09:44.000000
16778240,2022-04-14 17:09:44.000000
16779264,2022-04-14 17:09:45.000000
16779264,2022-04-14 17:09:47.000000
16779264,2022-04-14 17:09:49.000000
16779264,2022-04-14 17:09:52.000000
16779264,2022-04-14 17:09:53.000000
16779264,2022-04-14 17:09:56.000000
16779264,2022-04-14 17:09:58.000000
16779264,2022-04-14 17:10:00.000000
16778240,2022-04-14 17:10:04.000000
16779264,2022-04-14 17:10:04.000000
16778240,2022-04-14 17:10:06.000000
16778240,2022-04-14 17:10:11.000000
16778240,2022-04-14 17:10:15.000000
16778240,2022-04-14 17:10:16.000000
16778240,2022-04-14 17:10:17.000000
16778240,2022-04-14 17:10:20.000000
16778240,2022-04-14 17:10:21.000000
16778240,2022-04-14 17:10:22.000000
16778240,2022-04-14 17:10:28.000000
16778240,2022-04-14 17:10:29.000000
16778240,2022-04-14 17:10:30.000000
16778240,2022-04-14 17:10:32.000000
16778240,2022-04-14 17:10:33.000000
16778240,2022-04-14 17:10:34.000000
16778240,2022-04-14 17:10:36.000000
16778240,2022-04-14 17:10:37.000000
16778240,2022-04-14 17:10:39.000000
16778240,2022-04-14 17:10:41.000000
16778240,2022-04-14 17:10:42.000000
16779264,2022-04-14 17:10:44.000000
16778240,2022-04-14 17:10:45.000000
16779264,2022-04-14 17:10:46.000000
16779264,2022-04-14 17:10:47.000000
16779264,2022-04-14 17:10:49.000000
16779264,2022-04-14 17:10:52.000000
16778240,2022-04-14 17:10:52.000000
16779264,2022-04-14 17:10:53.000000
16779264,2022-04-14 17:10:56.000000
16778240,2022-04-14 17:10:57.000000
16779264,2022-04-14 17:10:57.000000
16779264,2022-04-14 17:10:57.000000
16778240,2022-04-14 17:10:57.000000
16779264,2022-04-14 17:10:57.000000
16778240,2022-04-14 17:10:58.000000
16779264,2022-04-14 17:10:58.000000
16778240,2022-04-14 17:10:59.000000
16778240,2022-04-14 17:11:01.000000
16778240,2022-04-14 17:11:02.000000
16778240,2022-04-14 17:11:03.000000
16779264,2022-04-14 17:11:03.000000
16778240,2022-04-14 17:11:05.000000
16778240,2022-04-14 17:11:09.000000
16779264,2022-04-14 17:11:09.000000
16779264,2022-04-14 17:11:11.000000
16779264,2022-04-14 17:11:12.000000
16778240,2022-04-14 17:11:12.000000
16778240,2022-04-14 17:11:13.000000
16778240,2022-04-14 17:11:15.000000
16779264,2022-04-14 17:11:16.000000
16779264,2022-04-14 17:11:19.000000
16778240,2022-04-14 17:11:20.000000
16779264,2022-04-14 17:11:21.000000
16778240,2022-04-14 17:11:21.000000
16778240,2022-04-14 17:11:21.000000
16779264,2022-04-14 17:11:21.000000
16778240,2022-04-14 17:11:21.000000
16778240,2022-04-14 17:11:22.000000
16779264,2022-04-14 17:11:24.000000
16779264,2022-04-14 17:11:26.000000
16779264,2022-04-14 17:11:30.000000
16778240,2022-04-14 17:11:30.000000
16778240,2022-04-14 17:11:31.000000
16779264,2022-04-14 17:11:31.000000
16778240,2022-04-14 17:11:32.000000
16779264,2022-04-14 17:11:32.000000
16779264,2022-04-14 17:11:35.000000
16779264,2022-04-14 17:11:36.000000
16779264,2022-04-14 17:11:37.000000
16778240,2022-04-14 17:11:37.000000
16778240,2022-04-14 17:11:37.000000
16779264,2022-04-14 17:11:37.000000
16779264,2022-04-14 17:11:40.000000
16778240,2022-04-14 17:11:40.000000
16779264,2022-04-14 17:11:41.000000
16779264,2022-04-14 17:11:43.000000
16779264,2022-04-14 17:11:45.000000
16779264,2022-04-14 17:11:46.000000
16778240,2022-04-14 17:11:51.000000
16779264,2022-04-14 17:11:51.000000
16778240,2022-04-14 17:11:55.000000
16779264,2022-04-14 17:11:56.000000
16779264,2022-04-14 17:11:57.000000
16778240,2022-04-14 17:11:59.000000
16779264,2022-04-14 17:12:00.000000
16778240,2022-04-14 17:12:01.000000
16779264,2022-04-14 17:12:01.000000
16779264,2022-04-14 17:12:03.000000
16778240,2022-04-14 17:12:05.000000
16778240,2022-04-14 17:12:06.000000
16779264,2022-04-14 17:12:06.000000
16779264,2022-04-14 17:12:08.000000
16779264,2022-04-14 17:12:10.000000
16779264,2022-04-14 17:12:12.000000
16779264,2022-04-14 17:12:18.000000
16778240,2022-04-14 17:12:18.000000
16779264,2022-04-14 17:12:19.000000
16779264,2022-04-14 17:12:21.000000
16779264,2022-04-14 17:12:24.000000
16779264,2022-04-14 17:12:26.000000
16779264,2022-04-14 17:12:27.000000
16779264,2022-04-14 17:12:32.000000
16779264,2022-04-14 17:12:35.000000
16779264,2022-04-14 17:12:38.000000
16779264,2022-04-14 17:12:41.000000
16779264,2022-04-14 17:12:44.000000
16778240,2022-04-14 17:12:44.000000
16779264,2022-04-14 17:12:45.000000
16779264,2022-04-14 17:12:47.000000
16779264,2022-04-14 17:12:52.000000
16779264,2022-04-14 17:12:53.000000
16779264,2022-04-14 17:12:55.000000
16779264,2022-04-14 17:12:59.000000
16779264,2022-04-14 17:13:00.000000
16779264,2022-04-14 17:13:10.000000
16779264,2022-04-14 17:13:11.000000
16778240,2022-04-14 17:13:11.000000
16779264,2022-04-14 17:13:11.000000
16779264,2022-04-14 17:13:14.000000
16779264,2022-04-14 17:13:18.000000
16778240,2022-04-14 17:13:19.000000
16779264,2022-04-14 17:13:19.000000
16779264,2022-04-14 17:13:20.000000
16779264,2022-04-14 17:13:21.000000
16779264,2022-04-14 17:13:23.000000
16779264,2022-04-14 17:13:25.000000
16779264,2022-04-14 17:13:27.000000
16779264,2022-04-14 17:13:29.000000
16779264,2022-04-14 17:13:30.000000
16778240,2022-04-14 17:13:36.000000
16778240,2022-04-14 17:13:37.000000
16779264,2022-04-14 17:13:37.000000
16779264,2022-04-14 17:13:38.000000
16779264,2022-04-14 17:13:39.000000
16779264,2022-04-14 17:13:39.000000
16778240,2022-04-14 17:13:40.000000
16779264,2022-04-14 17:13:40.000000
16779264,2022-04-14 17:13:43.000000
16779264,2022-04-14 17:13:47.000000
16779264,2022-04-14 17:13:50.000000
16779264,2022-04-14 17:13:51.000000
16779264,2022-04-14 17:13:54.000000
16778240,2022-04-14 17:13:57.000000
16779264,2022-04-14 17:13:58.000000
16778240,2022-04-14 17:13:58.000000
16778240,2022-04-14 17:13:59.000000
16778240,2022-04-14 17:14:00.000000
16778240,2022-04-14 17:14:01.000000
16778240,2022-04-14 17:14:04.000000
16778240,2022-04-14 17:14:05.000000
16778240,2022-04-14 17:14:07.000000
16778240,2022-04-14 17:14:09.000000
16778240,2022-04-14 17:14:10.000000
16778240,2022-04-14 17:14:11.000000
16779264,2022-04-14 17:14:12.000000
16779264,2022-04-14 17:14:15.000000
16778240,2022-04-14 17:14:15.000000
16779264,2022-04-14 17:14:15.000000
16779264,2022-04-14 17:14:16.000000
16778240,2022-04-14 17:14:16.000000
16779264,2022-04-14 17:14:18.000000
16779264,2022-04-14 17:14:19.000000
16779264,2022-04-14 17:14:19.000000
16778240,2022-04-14 17:14:19.000000
16779264,2022-04-14 17:14:23.000000
16778240,2022-04-14 17:14:26.000000
16779264,2022-04-14 17:14:26.000000
16779264,2022-04-14 17:14:27.000000
16779264,2022-04-14 17:14:29.000000
16779264,2022-04-14 17:14:34.000000
16779264,2022-04-14 17:14:38.000000
16779264,2022-04-14 17:14:41.000000
16779264,2022-04-14 17:14:42.000000
16779264,2022-04-14 17:14:44.000000
16779264,2022-04-14 17:14:45.000000
16778240,2022-04-14 17:14:49.000000
16778240,2022-04-14 17:14:50.000000
16779264,2022-04-14 17:14:50.000000
16778240,2022-04-14 17:14:51.000000
16778240,2022-04-14 17:14:53.000000
16778240,2022-04-14 17:14:55.000000
16779264,2022-04-14 17:14:59.000000
16778240,2022-04-14 17:15:00.000000
16778240,2022-04-14 17:15:03.000000
16779264,2022-04-14 17:15:09.000000
16778240,2022-04-14 17:15:14.000000
16779264,2022-04-14 17:15:18.000000
16779264,2022-04-14 17:15:22.000000
16779264,2022-04-14 17:15:23.000000
16779264,2022-04-14 17:15:27.000000
16779264,2022-04-14 17:15:29.000000
16779264,2022-04-14 17:15:32.000000
16779264,2022-04-14 17:15:34.000000
16779264,2022-04-14 17:15:35.000000
16778240,2022-04-14 17:15:38.000000
16779264,2022-04-14 17:15:38.000000
16779264,2022-04-14 17:15:39.000000
16778240,2022-04-14 17:15:42.000000
16779264,2022-04-14 17:15:42.000000
16778240,2022-04-14 17:15:42.000000
16778240,2022-04-14 17:15:43.000000
16779264,2022-04-14 17:15:43.000000
16778240,2022-04-14 17:15:43.000000
16779264,2022-04-14 17:15:44.000000
16778240,2022-04-14 17:15:44.000000
16779264,2022-04-14 17:15:45.000000
16779264,2022-04-14 17:15:47.000000
16778240,2022-04-14 17:15:47.000000
16778240,2022-04-14 17:15:47.000000
16778240,2022-04-14 17:15:49.000000
16779264,2022-04-14 17:15:51.000000
16778240,2022-04-14 17:15:51.000000
16778240,2022-04-14 17:15:53.000000
16778240,2022-04-14 17:15:54.000000
16778240,2022-04-14 17:15:55.000000
16778240,2022-04-14 17:15:57.000000
16778240,2022-04-14 17:15:59.000000
16778240,2022-04-14 17:15:59.000000
16778240,2022-04-14 17:16:02.000000
16778240,2022-04-14 17:16:04.000000
16778240,2022-04-14 17:16:06.000000
16779264,2022-04-14 17:16:09.000000
16778240,2022-04-14 17:16:09.000000
16778240,2022-04-14 17:16:09.000000
16779264,2022-04-14 17:16:10.000000
16778240,2022-04-14 17:16:11.000000
16778240,2022-04-14 17:16:13.000000
16778240,2022-04-14 17:16:13.000000
16778240,2022-04-14 17:16:15.000000
16778240,2022-04-14 17:16:19.000000
16778240,2022-04-14 17:16:20.000000
16778240,2022-04-14 17:16:22.000000
16779264,2022-04-14 17:16:26.000000
16778240,2022-04-14 17:16:26.000000
16778240,2022-04-14 17:16:28.000000
16779264,2022-04-14 17:16:28.000000
16779264,2022-04-14 17:16:28.000000
16779264,2022-04-14 17:16:29.000000
16778240,2022-04-14 17:16:29.000000
16779264,2022-04-14 17:16:29.000000
16778240,2022-04-14 17:16:30.000000
16779264,2022-04-14 17:16:30.000000
16779264,2022-04-14 17:16:31.000000
16778240,2022-04-14 17:16:32.000000
16778240,2022-04-14 17:16:34.000000
16778240,2022-04-14 17:16:37.000000
16779264,2022-04-14 17:16:37.000000
16778240,2022-04-14 17:16:37.000000
16778240,2022-04-14 17:16:40.000000
16779264,2022-04-14 17:16:41.000000
16778240,2022-04-14 17:16:41.000000
16779264,2022-04-14 17:16:43.000000
16778240,2022-04-14 17:16:44.000000
16779264,2022-04-14 17:16:44.000000
16779264,2022-04-14 17:16:44.000000
16778240,2022-04-14 17:16:44.000000
16779264,2022-04-14 17:16:46.000000
16779264,2022-04-14 17:16:46.000000
16778240,2022-04-14 17:16:47.000000
16779264,2022-04-14 17:16:47.000000
16779264,2022-04-14 17:16:47.000000
16779264,2022-04-14 17:16:47.000000
16779264,2022-04-14 17:16:50.000000
16779264,2022-04-14 17:16:50.000000
16778240,2022-04-14 17:16:50.000000
16778240,2022-04-14 17:16:52.000000
16778240,2022-04-14 17:16:54.000000
16778240,2022-04-14 17:16:54.000000
16778240,2022-04-14 17:16:56.000000
16779264,2022-04-14 17:17:00.000000
16778240,2022-04-14 17:17:00.000000
16778240,2022-04-14 17:17:03.000000
16778240,2022-04-14 17:17:03.000000
16778240,2022-04-14 17:17:05.000000
16778240,2022-04-14 17:17:07.000000
16778240,2022-04-14 17:17:09.000000
16778240,2022-04-14 17:17:11.000000
16778240,2022-04-14 17:17:12.000000
16778240,2022-04-14 17:17:14.000000
16778240,2022-04-14 17:17:15.000000
16778240,2022-04-14 17:17:16.000000
16778240,2022-04-14 17:17:20.000000
16778240,2022-04-14 17:17:24.000000
16779264,2022-04-14 17:17:26.000000
16778240,2022-04-14 17:17:26.000000
16778240,2022-04-14 17:17:27.000000
16779264,2022-04-14 17:17:27.000000
16779264,2022-04-14 17:17:27.000000
16778240,2022-04-14 17:17:29.000000
16778240,2022-04-14 17:17:29.000000
16779264,2022-04-14 17:17:29.000000
16779264,2022-04-14 17:17:32.000000
16778240,2022-04-14 17:17:32.000000
16779264,2022-04-14 17:17:37.000000
16778240,2022-04-14 17:17:41.000000
16778240,2022-04-14 17:17:42.000000
16778240,2022-04-14 17:17:43.000000
16778240,2022-04-14 17:17:46.000000
16778240,2022-04-14 17:17:48.000000
16778240,2022-04-14 17:17:49.000000
16778240,2022-04-14 17:17:52.000000
16778240,2022-04-14 17:17:53.000000
16779264,2022-04-14 17:17:54.000000
16778240,2022-04-14 17:17:54.000000
16779264,2022-04-14 17:17:55.000000
16779264,2022-04-14 17:17:56.000000
16778240,2022-04-14 17:17:58.000000
16779264,2022-04-14 17:18:00.000000
16778240,2022-04-14 17:18:01.000000
16778240,2022-04-14 17:18:02.000000
16779264,2022-04-14 17:18:05.000000
16779264,2022-04-14 17:18:06.000000
16779264,2022-04-14 17:18:10.000000
16778240,2022-04-14 17:18:14.000000
16778240,2022-04-14 17:18:15.000000
16778240,2022-04-14 17:18:16.000000
16778240,2022-04-14 17:18:19.000000
16778240,2022-04-14 17:18:21.000000
16778240,2022-04-14 17:18:23.000000
16778240,2022-04-14 17:18:23.000000
16778240,2022-04-14 17:18:24.000000
16778240,2022-04-14 17:18:25.000000
16778240,2022-04-14 17:18:27.000000
16779264,2022-04-14 17:18:28.000000
16778240,2022-04-14 17:18:28.000000
16778240,2022-04-14 17:18:29.000000
16779264,2022-04-14 17:18:29.000000
16778240,2022-04-14 17:18:29.000000
16779264,2022-04-14 17:18:30.000000
16778240,2022-04-14 17:18:30.000000
16778240,2022-04-14 17:18:35.000000
16779264,2022-04-14 17:18:35.000000
16778240,2022-04-14 17:18:35.000000
16779264,2022-04-14 17:18:36.000000
16779264,2022-04-14 17:18:38.000000
16778240,2022-04-14 17:18:39.000000
16779264,2022-04-14 17:18:41.000000
16778240,2022-04-14 17:18:42.000000
16779264,2022-04-14 17:18:46.000000
16778240,2022-04-14 17:18:47.000000
16778240,2022-04-14 17:18:51.000000
16779264,2022-04-14 17:18:52.000000
16778240,2022-04-14 17:18:57.000000
16779264,2022-04-14 17:18:57.000000
16779264,2022-04-14 17:18:59.000000
16779264,2022-04-14 17:19:01.000000
16779264,2022-04-14 17:19:02.000000
16779264,2022-04-14 17:19:03.000000
16778240,2022-04-14 17:19:03.000000
16778240,2022-04-14 17:19:03.000000
16779264,2022-04-14 17:19:03.000000
16779264,2022-04-14 17:19:04.000000
16778240,2022-04-14 17:19:04.000000
16778240,2022-04-14 17:19:05.000000
16778240,2022-04-14 17:19:06.000000
16779264,2022-04-14 17:19:07.000000
16778240,2022-04-14 17:19:07.000000
16778240,2022-04-14 17:19:07.000000
16779264,2022-04-14 17:19:08.000000
16778240,2022-04-14 17:19:09.000000
16778240,2022-04-14 17:19:10.000000
16778240,2022-04-14 17:19:11.000000
16779264,2022-04-14 17:19:11.000000
16779264,2022-04-14 17:19:11.000000
16778240,2022-04-14 17:19:11.000000
16778240,2022-04-14 17:19:11.000000
16778240,2022-04-14 17:19:13.000000
16778240,2022-04-14 17:19:14.000000
16779264,2022-04-14 17:19:16.000000
16778240,2022-04-14 17:19:19.000000
16779264,2022-04-14 17:19:19.000000
16779264,2022-04-14 17:19:19.000000
16778240,2022-04-14 17:19:19.000000
16779264,2022-04-14 17:19:19.000000
16778240,2022-04-14 17:19:24.000000
16778240,2022-04-14 17:19:26.000000
16778240,2022-04-14 17:19:28.000000
16778240,2022-04-14 17:19:29.000000
16778240,2022-04-14 17:19:32.000000
16778240,2022-04-14 17:19:34.000000
16778240,2022-04-14 17:19:34.000000
16778240,2022-04-14 17:19:36.000000
16778240,2022-04-14 17:19:37.000000
16778240,2022-04-14 17:19:38.000000
16778240,2022-04-14 17:19:40.000000
16779264,2022-04-14 17:19:41.000000
16778240,2022-04-14 17:19:41.000000
16778240,2022-04-14 17:19:42.000000
16779264,2022-04-14 17:19:42.000000
16778240,2022-04-14 17:19:44.000000
16778240,2022-04-14 17:19:45.000000
16778240,2022-04-14 17:19:47.000000
16778240,2022-04-14 17:19:48.000000
16778240,2022-04-14 17:19:49.000000
16778240,2022-04-14 17:19:50.000000
16778240,2022-04-14 17:19:52.000000
16778240,2022-04-14 17:19:54.000000
16778240,2022-04-14 17:19:56.000000
16778240,2022-04-14 17:20:00.000000
16779264,2022-04-14 17:20:00.000000
16778240,2022-04-14 17:20:01.000000
16778240,2022-04-14 17:20:03.000000
16778240,2022-04-14 17:20:04.000000
16778240,2022-04-14 17:20:08.000000
16778240,2022-04-14 17:20:09.000000
16778240,2022-04-14 17:20:14.000000
16778240,2022-04-14 17:20:16.000000
16778240,2022-04-14 17:20:17.000000
16779264,2022-04-14 17:20:17.000000
16778240,2022-04-14 17:20:19.000000
16778240,2022-04-14 17:20:20.000000
16778240,2022-04-14 17:20:22.000000
16778240,2022-04-14 17:20:24.000000
16778240,2022-04-14 17:20:25.000000
16778240,2022-04-14 17:20:27.000000
16778240,2022-04-14 17:20:29.000000
16778240,2022-04-14 17:20:30.000000
16778240,2022-04-14 17:20:31.000000
16778240,2022-04-14 17:20:32.000000
16778240,2022-04-14 17:20:34.000000
16778240,2022-04-14 17:20:35.000000
16778240,2022-04-14 17:20:36.000000
16778240,2022-04-14 17:20:39.000000
16778240,2022-04-14 17:20:41.000000
16778240,2022-04-14 17:20:42.000000
16778240,2022-04-14 17:20:42.000000
16778240,2022-04-14 17:20:43.000000
16779264,2022-04-14 17:20:45.000000
16779264,2022-04-14 17:20:46.000000
16779264,2022-04-14 17:20:50.000000
16779264,2022-04-14 17:20:53.000000
16779264,2022-04-14 17:20:55.000000
16779264,2022-04-14 17:20:58.000000
16779264,2022-04-14 17:21:00.000000
16779264,2022-04-14 17:21:02.000000
16779264,2022-04-14 17:21:03.000000
16779264,2022-04-14 17:21:06.000000
16778240,2022-04-14 17:21:08.000000
16779264,2022-04-14 17:21:09.000000
16779264,2022-04-14 17:21:10.000000
16779264,2022-04-14 17:21:11.000000
16779264,2022-04-14 17:21:14.000000
16779264,2022-04-14 17:21:19.000000
16779264,2022-04-14 17:21:20.000000
16779264,2022-04-14 17:21:21.000000
16779264,2022-04-14 17:21:22.000000
16778240,2022-04-14 17:21:22.000000
16779264,2022-04-14 17:21:22.000000
16778240,2022-04-14 17:21:22.000000
16778240,2022-04-14 17:21:24.000000
16779264,2022-04-14 17:21:26.000000
16778240,2022-04-14 17:21:26.000000
16779264,2022-04-14 17:21:27.000000
16778240,2022-04-14 17:21:27.000000
16779264,2022-04-14 17:21:28.000000
16778240,2022-04-14 17:21:33.000000
16779264,2022-04-14 17:21:33.000000
16779264,2022-04-14 17:21:34.000000
16779264,2022-04-14 17:21:35.000000
16778240,2022-04-14 17:21:37.000000
16779264,2022-04-14 17:21:38.000000
16779264,2022-04-14 17:21:40.000000
16779264,2022-04-14 17:21:43.000000
16778240,2022-04-14 17:21:45.000000
16779264,2022-04-14 17:21:45.000000
16779264,2022-04-14 17:21:47.000000
16778240,2022-04-14 17:21:47.000000
16779264,2022-04-14 17:21:47.000000
16779264,2022-04-14 17:21:49.000000
16778240,2022-04-14 17:21:49.000000
16779264,2022-04-14 17:21:50.000000
16779264,2022-04-14 17:21:52.000000
16779264,2022-04-14 17:21:55.000000
16779264,2022-04-14 17:21:55.000000
16778240,2022-04-14 17:21:55.000000
16779264,2022-04-14 17:21:57.000000
16779264,2022-04-14 17:22:00.000000
16778240,2022-04-14 17:22:07.000000
16778240,2022-04-14 17:22:07.000000
16778240,2022-04-14 17:22:08.000000
16778240,2022-04-14 17:22:09.000000
16779264,2022-04-14 17:22:09.000000
16779264,2022-04-14 17:22:09.000000
16779264,2022-04-14 17:22:10.000000
16779264,2022-04-14 17:22:11.000000
16778240,2022-04-14 17:22:11.000000
16778240,2022-04-14 17:22:13.000000
16778240,2022-04-14 17:22:17.000000
16778240,2022-04-14 17:22:18.000000
16778240,2022-04-14 17:22:19.000000
16779264,2022-04-14 17:22:19.000000
16778240,2022-04-14 17:22:19.000000
16778240,2022-04-14 17:22:20.000000
16779264,2022-04-14 17:22:20.000000
16779264,2022-04-14 17:22:22.000000
16779264,2022-04-14 17:22:24.000000
16779264,2022-04-14 17:22:26.000000
16779264,2022-04-14 17:22:28.000000
16778240,2022-04-14 17:22:31.000000
16779264,2022-04-14 17:22:31.000000
16779264,2022-04-14 17:22:32.000000
16778240,2022-04-14 17:22:34.000000
16778240,2022-04-14 17:22:36.000000
16778240,2022-04-14 17:22:37.000000
16778240,2022-04-14 17:22:40.000000
16778240,2022-04-14 17:22:41.000000
16778240,2022-04-14 17:22:43.000000
16778240,2022-04-14 17:22:48.000000
16778240,2022-04-14 17:22:49.000000
16778240,2022-04-14 17:22:52.000000
16778240,2022-04-14 17:22:53.000000
16778240,2022-04-14 17:22:54.000000
16778240,2022-04-14 17:22:56.000000
16778240,2022-04-14 17:22:59.000000
16778240,2022-04-14 17:23:01.000000
16778240,2022-04-14 17:23:02.000000
16778240,2022-04-14 17:23:03.000000
16778240,2022-04-14 17:23:06.000000
16778240,2022-04-14 17:23:07.000000
16778240,2022-04-14 17:23:08.000000
16778240,2022-04-14 17:23:10.000000
16779264,2022-04-14 17:23:14.000000
16779264,2022-04-14 17:23:16.000000
16779264,2022-04-14 17:23:18.000000
16779264,2022-04-14 17:23:20.000000
16779264,2022-04-14 17:23:21.000000
16779264,2022-04-14 17:23:21.000000
16778240,2022-04-14 17:23:21.000000
16779264,2022-04-14 17:23:23.000000
16779264,2022-04-14 17:23:26.000000
16779264,2022-04-14 17:23:26.000000
16779264,2022-04-14 17:23:30.000000
16779264,2022-04-14 17:23:34.000000
16779264,2022-04-14 17:23:35.000000
16779264,2022-04-14 17:23:37.000000
16779264,2022-04-14 17:23:38.000000
16779264,2022-04-14 17:23:41.000000
16779264,2022-04-14 17:23:42.000000
16779264,2022-04-14 17:23:43.000000
16779264,2022-04-14 17:23:46.000000
16779264,2022-04-14 17:23:49.000000
16779264,2022-04-14 17:23:53.000000
16778240,2022-04-14 17:23:55.000000
16778240,2022-04-14 17:23:57.000000
16778240,2022-04-14 17:23:59.000000
16779264,2022-04-14 17:24:01.000000
16779264,2022-04-14 17:24:03.000000
16778240,2022-04-14 17:24:03.000000
16778240,2022-04-14 17:24:07.000000
16779264,2022-04-14 17:24:07.000000
16778240,2022-04-14 17:24:08.000000
16779264,2022-04-14 17:24:09.000000
16778240,2022-04-14 17:24:10.000000
16779264,2022-04-14 17:24:11.000000
16778240,2022-04-14 17:24:11.000000
16778240,2022-04-14 17:24:11.000000
16778240,2022-04-14 17:24:14.000000
16779264,2022-04-14 17:24:18.000000
16778240,2022-04-14 17:24:22.000000
16779264,2022-04-14 17:24:25.000000
16778240,2022-04-14 17:24:26.000000
16778240,2022-04-14 17:24:28.000000
16779264,2022-04-14 17:24:28.000000
16779264,2022-04-14 17:24:30.000000
16779264,2022-04-14 17:24:32.000000
16779264,2022-04-14 17:24:33.000000
16778240,2022-04-14 17:24:35.000000
16778240,2022-04-14 17:24:36.000000
16778240,2022-04-14 17:24:37.000000
16778240,2022-04-14 17:24:39.000000
16778240,2022-04-14 17:24:40.000000
16778240,2022-04-14 17:24:43.000000
16778240,2022-04-14 17:24:47.000000
16778240,2022-04-14 17:24:48.000000
16778240,2022-04-14 17:24:49.000000
16778240,2022-04-14 17:24:51.000000
16778240,2022-04-14 17:24:53.000000
16778240,2022-04-14 17:24:54.000000
16778240,2022-04-14 17:24:55.000000
16778240,2022-04-14 17:24:57.000000
16778240,2022-04-14 17:24:58.000000
16779264,2022-04-14 17:25:01.000000
16778240,2022-04-14 17:25:02.000000
16778240,2022-04-14 17:25:03.000000
16778240,2022-04-14 17:25:05.000000
16778240,2022-04-14 17:25:07.000000
16778240,2022-04-14 17:25:08.000000
16778240,2022-04-14 17:25:11.000000
16778240,2022-04-14 17:25:12.000000
16778240,2022-04-14 17:25:13.000000
16778240,2022-04-14 17:25:17.000000
16778240,2022-04-14 17:25:21.000000
16778240,2022-04-14 17:25:24.000000
16778240,2022-04-14 17:25:27.000000
16779264,2022-04-14 17:25:28.000000
16779264,2022-04-14 17:25:32.000000
16779264,2022-04-14 17:25:33.000000
16779264,2022-04-14 17:25:34.000000
16779264,2022-04-14 17:25:36.000000
16779264,2022-04-14 17:25:38.000000
16779264,2022-04-14 17:25:39.000000
16778240,2022-04-14 17:25:39.000000
16779264,2022-04-14 17:25:43.000000
16778240,2022-04-14 17:25:46.000000
16778240,2022-04-14 17:25:47.000000
16778240,2022-04-14 17:25:50.000000
16779264,2022-04-14 17:25:50.000000
16778240,2022-04-14 17:25:52.000000
16778240,2022-04-14 17:25:54.000000
16779264,2022-04-14 17:25:56.000000
16778240,2022-04-14 17:25:57.000000
16779264,2022-04-14 17:25:57.000000
16778240,2022-04-14 17:25:57.000000
16778240,2022-04-14 17:25:57.000000
16779264,2022-04-14 17:25:57.000000
16778240,2022-04-14 17:25:57.000000
16779264,2022-04-14 17:25:58.000000
16779264,2022-04-14 17:26:00.000000
16778240,2022-04-14 17:26:01.000000
16779264,2022-04-14 17:26:01.000000
16778240,2022-04-14 17:26:01.000000
16779264,2022-04-14 17:26:01.000000
16778240,2022-04-14 17:26:01.000000
16778240,2022-04-14 17:26:02.000000
16779264,2022-04-14 17:26:02.000000
16778240,2022-04-14 17:26:02.000000
16779264,2022-04-14 17:26:05.000000
16778240,2022-04-14 17:26:06.000000
16778240,2022-04-14 17:26:09.000000
16778240,2022-04-14 17:26:12.000000
16778240,2022-04-14 17:26:15.000000
16779264,2022-04-14 17:26:19.000000
16778240,2022-04-14 17:26:20.000000
16779264,2022-04-14 17:26:20.000000
16779264,2022-04-14 17:26:20.000000
16778240,2022-04-14 17:26:20.000000
16779264,2022-04-14 17:26:23.000000
16778240,2022-04-14 17:26:23.000000
16779264,2022-04-14 17:26:24.000000
16779264,2022-04-14 17:26:31.000000
16779264,2022-04-14 17:26:32.000000
16779264,2022-04-14 17:26:33.000000
16779264,2022-04-14 17:26:36.000000
16779264,2022-04-14 17:26:39.000000
16779264,2022-04-14 17:26:45.000000
16778240,2022-04-14 17:26:48.000000
16779264,2022-04-14 17:26:48.000000
16779264,2022-04-14 17:26:51.000000
16779264,2022-04-14 17:26:53.000000
16779264,2022-04-14 17:26:56.000000
16779264,2022-04-14 17:27:00.000000
16779264,2022-04-14 17:27:00.000000
16779264,2022-04-14 17:27:03.000000
16779264,2022-04-14 17:27:05.000000
16778240,2022-04-14 17:27:07.000000
16779264,2022-04-14 17:27:08.000000
16778240,2022-04-14 17:27:09.000000
16779264,2022-04-14 17:27:09.000000
16778240,2022-04-14 17:27:10.000000
16778240,2022-04-14 17:27:15.000000
16778240,2022-04-14 17:27:19.000000
16778240,2022-04-14 17:27:20.000000
16778240,2022-04-14 17:27:22.000000
16778240,2022-04-14 17:27:23.000000
16778240,2022-04-14 17:27:27.000000
16778240,2022-04-14 17:27:28.000000
16778240,2022-04-14 17:27:30.000000
16778240,2022-04-14 17:27:31.000000
16778240,2022-04-14 17:27:36.000000
16778240,2022-04-14 17:27:39.000000
16779264,2022-04-14 17:27:39.000000
16778240,2022-04-14 17:27:42.000000
16778240,2022-04-14 17:27:43.000000
16779264,2022-04-14 17:27:45.000000
16778240,2022-04-14 17:27:45.000000
16778240,2022-04-14 17:27:46.000000
16778240,2022-04-14 17:27:48.000000
16778240,2022-04-14 17:27:49.000000
16778240,2022-04-14 17:27:51.000000
16778240,2022-04-14 17:27:51.000000
16778240,2022-04-14 17:27:54.000000
16778240,2022-04-14 17:27:55.000000
16778240,2022-04-14 17:27:57.000000
16779264,2022-04-14 17:27:57.000000
16778240,2022-04-14 17:27:57.000000
16779264,2022-04-14 17:27:57.000000
16778240,2022-04-14 17:27:58.000000
16779264,2022-04-14 17:28:00.000000
16779264,2022-04-14 17:28:03.000000
16779264,2022-04-14 17:28:06.000000
16778240,2022-04-14 17:28:08.000000
16779264,2022-04-14 17:28:08.000000
16778240,2022-04-14 17:28:08.000000
16778240,2022-04-14 17:28:12.000000
16778240,2022-04-14 17:28:13.000000
16778240,2022-04-14 17:28:14.000000
16778240,2022-04-14 17:28:15.000000
16778240,2022-04-14 17:28:20.000000
16778240,2022-04-14 17:28:22.000000
16778240,2022-04-14 17:28:23.000000
16778240,2022-04-14 17:28:24.000000
16778240,2022-04-14 17:28:26.000000
16778240,2022-04-14 17:28:30.000000
16779264,2022-04-14 17:28:32.000000
16778240,2022-04-14 17:28:36.000000
16778240,2022-04-14 17:28:37.000000
16779264,2022-04-14 17:28:37.000000
16778240,2022-04-14 17:28:39.000000
16778240,2022-04-14 17:28:40.000000
16779264,2022-04-14 17:28:40.000000
16778240,2022-04-14 17:28:43.000000
16778240,2022-04-14 17:28:44.000000
16778240,2022-04-14 17:28:45.000000
16778240,2022-04-14 17:28:45.000000
16779264,2022-04-14 17:28:45.000000
16778240,2022-04-14 17:28:48.000000
16778240,2022-04-14 17:28:50.000000
16779264,2022-04-14 17:28:52.000000
16778240,2022-04-14 17:28:52.000000
16778240,2022-04-14 17:28:55.000000
16778240,2022-04-14 17:28:56.000000
16778240,2022-04-14 17:28:57.000000
16778240,2022-04-14 17:28:58.000000
16778240,2022-04-14 17:29:00.000000
16778240,2022-04-14 17:29:01.000000
16778240,2022-04-14 17:29:03.000000
16778240,2022-04-14 17:29:04.000000
16778240,2022-04-14 17:29:05.000000
16778240,2022-04-14 17:29:06.000000
16778240,2022-04-14 17:29:09.000000
16778240,2022-04-14 17:29:10.000000
16778240,2022-04-14 17:29:11.000000
16778240,2022-04-14 17:29:13.000000
16778240,2022-04-14 17:29:14.000000
16778240,2022-04-14 17:29:17.000000
16778240,2022-04-14 17:29:19.000000
16778240,2022-04-14 17:29:20.000000
16778240,2022-04-14 17:29:21.000000
16778240,2022-04-14 17:29:22.000000
16778240,2022-04-14 17:29:24.000000
16778240,2022-04-14 17:29:24.000000
16779264,2022-04-14 17:29:24.000000
16779264,2022-04-14 17:29:24.000000
16778240,2022-04-14 17:29:27.000000
16779264,2022-04-14 17:29:27.000000
16779264,2022-04-14 17:29:29.000000
16779264,2022-04-14 17:29:32.000000
16778240,2022-04-14 17:29:33.000000
16778240,2022-04-14 17:29:36.000000
16779264,2022-04-14 17:29:37.000000
16778240,2022-04-14 17:29:39.000000
16779264,2022-04-14 17:29:39.000000
16778240,2022-04-14 17:29:39.000000
16779264,2022-04-14 17:29:40.000000
16779264,2022-04-14 17:29:43.000000
16778240,2022-04-14 17:29:43.000000
16778240,2022-04-14 17:29:43.000000
16779264,2022-04-14 17:29:43.000000
16779264,2022-04-14 17:29:44.000000
16779264,2022-04-14 17:29:46.000000
16778240,2022-04-14 17:29:46.000000
16779264,2022-04-14 17:29:46.000000
16778240,2022-04-14 17:29:46.000000
16779264,2022-04-14 17:29:46.000000
16778240,2022-04-14 17:29:48.000000
16778240,2022-04-14 17:29:48.000000
16779264,2022-04-14 17:29:48.000000
16779264,2022-04-14 17:29:48.000000
16778240,2022-04-14 17:29:50.000000
16779264,2022-04-14 17:29:50.000000
16778240,2022-04-14 17:29:52.000000
16779264,2022-04-14 17:29:52.000000
16779264,2022-04-14 17:29:52.000000
16778240,2022-04-14 17:29:52.000000
16779264,2022-04-14 17:29:54.000000
16778240,2022-04-14 17:29:54.000000
16778240,2022-04-14 17:29:55.000000
16779264,2022-04-14 17:29:55.000000
16779264,2022-04-14 17:29:56.000000
16779264,2022-04-14 17:29:57.000000
16778240,2022-04-14 17:29:57.000000
16778240,2022-04-14 17:29:57.000000
16778240,2022-04-14 17:29:58.000000
16779264,2022-04-14 17:29:59.000000
